{
  "30-39_0": {
    "TBW": 46.40588235294118,
    "ECW": 19.33823529411765,
    "ICW": 28.9,
    "ECF_TBW": 40.96588235294118,
    "TBFR": 22.06205882352941,
    "LM": 77.94088235294117,
    "Protein": 16.34647058823529,
    "VFR": 8.0,
    "BM": 3.1882352941176473,
    "MM": 62.788235294117655,
    "Obesity": 25.639411764705883,
    "TFC": 19.658823529411762,
    "VFA": 12.11235294117647,
    "VMA": 32.93473767911764,
    "HFA": 1.0588235294117647
  },
  "30-39_1": {
    "TBW": 35.86285714285714,
    "ECW": 14.682857142857141,
    "ICW": 21.2,
    "ECF_TBW": 40.92657142857142,
    "TBFR": 30.497999999999994,
    "LM": 69.42542857142857,
    "Protein": 15.492285714285712,
    "VFR": 5.228571428571429,
    "BM": 2.5285714285714285,
    "MM": 48.777142857142856,
    "Obesity": 30.512857142857136,
    "TFC": 23.982857142857146,
    "VFA": 10.590571428571431,
    "VMA": 28.813359073428575,
    "HFA": 0.8857142857142857
  },
  "40-49_0": {
    "TBW": 46.483720930232565,
    "ECW": 19.137209302325584,
    "ICW": 27.33255813953489,
    "ECF_TBW": 41.33186046511627,
    "TBFR": 23.973953488372096,
    "LM": 75.68534883720932,
    "Protein": 16.219767441860462,
    "VFR": 10.0,
    "BM": 3.101162790697675,
    "MM": 62.032558139534885,
    "Obesity": 25.703023255813953,
    "TFC": 21.04186046511628,
    "VFA": 12.67906976744186,
    "VMA": 33.50257699534884,
    "HFA": 1.302325581395349
  },
  "40-49_1": {
    "TBW": 34.790909090909096,
    "ECW": 14.806060606060605,
    "ICW": 20.02727272727273,
    "ECF_TBW": 42.375757575757575,
    "TBFR": 31.319999999999997,
    "LM": 68.68424242424243,
    "Protein": 15.032121212121211,
    "VFR": 6.181818181818182,
    "BM": 2.5060606060606063,
    "MM": 45.551515151515154,
    "Obesity": 27.937878787878788,
    "TFC": 24.439393939393938,
    "VFA": 10.714242424242425,
    "VMA": 27.577395577575757,
    "HFA": 0.7575757575757576
  },
  "50-59_0": {
    "TBW": 47.61346153846153,
    "ECW": 19.78076923076923,
    "ICW": 27.817307692307693,
    "ECF_TBW": 41.714807692307694,
    "TBFR": 24.753461538461536,
    "LM": 75.23365384615384,
    "Protein": 17.136923076923075,
    "VFR": 12.807692307692308,
    "BM": 3.2057692307692305,
    "MM": 63.66346153846153,
    "Obesity": 31.112499999999997,
    "TFC": 22.915384615384614,
    "VFA": 14.227884615384614,
    "VMA": 34.15067567596154,
    "HFA": 1.6153846153846154
  },
  "50-59_1": {
    "TBW": 34.879999999999995,
    "ECW": 15.196666666666665,
    "ICW": 19.441666666666663,
    "ECF_TBW": 43.843666666666664,
    "TBFR": 36.54083333333334,
    "LM": 63.24133333333332,
    "Protein": 14.735666666666665,
    "VFR": 9.233333333333333,
    "BM": 2.461666666666667,
    "MM": 46.65500000000001,
    "Obesity": 69.8345,
    "TFC": 29.695,
    "VFA": 13.336166666666664,
    "VMA": 27.523738738499997,
    "HFA": 1.3833333333333333
  },
  "60+_0": {
    "TBW": 44.90952380952381,
    "ECW": 19.095238095238095,
    "ICW": 25.80952380952381,
    "ECF_TBW": 42.674285714285716,
    "TBFR": 21.988095238095237,
    "LM": 78.20904761904764,
    "Protein": 17.54809523809524,
    "VFR": 13.619047619047619,
    "BM": 3.0857142857142854,
    "MM": 59.7095238095238,
    "Obesity": 29.94142857142857,
    "TFC": 20.45714285714286,
    "VFA": 11.765238095238095,
    "VMA": 32.54028314047619,
    "HFA": 1.1904761904761905
  },
  "60+_1": {
    "TBW": 32.52,
    "ECW": 14.388,
    "ICW": 17.704,
    "ECF_TBW": 44.642399999999995,
    "TBFR": 34.9332,
    "LM": 65.03200000000001,
    "Protein": 15.455200000000001,
    "VFR": 9.88,
    "BM": 2.3280000000000003,
    "MM": 43.5,
    "Obesity": 31.5792,
    "TFC": 25.403999999999996,
    "VFA": 11.314,
    "VMA": 25.984648648399997,
    "HFA": 0.92
  },
  "<30_0": {
    "TBW": 42.85833333333334,
    "ECW": 17.28333333333333,
    "ICW": 25.566666666666663,
    "ECF_TBW": 40.39083333333333,
    "TBFR": 17.9775,
    "LM": 82.01333333333334,
    "Protein": 16.84166666666667,
    "VFR": 3.5833333333333335,
    "BM": 2.9,
    "MM": 56.650000000000006,
    "Obesity": 12.262500000000001,
    "TFC": 13.791666666666664,
    "VFA": 8.536666666666667,
    "VMA": 30.080405404999997,
    "HFA": 0.16666666666666666
  },
  "<30_1": {
    "TBW": 32.125,
    "ECW": 13.575,
    "ICW": 18.549999999999997,
    "ECF_TBW": 42.0,
    "TBFR": 26.825,
    "LM": 73.17250000000001,
    "Protein": 15.1775,
    "VFR": 2.75,
    "BM": 2.275,
    "MM": 42.375,
    "Obesity": 24.0,
    "TFC": 17.5,
    "VFA": 7.275,
    "VMA": 24.650000000000002,
    "HFA": 0.5
  },
  "default": {
    "TBW": 40.587774294670844,
    "ECW": 17.07115987460815,
    "ICW": 23.63448275862069,
    "ECF_TBW": 42.212037617554856,
    "TBFR": 28.274984326018807,
    "LM": 71.63824451410657,
    "Protein": 15.938808777429466,
    "VFR": 9.078369905956112,
    "BM": 2.803291536050157,
    "MM": 54.27304075235109,
    "Obesity": 35.85012539184953,
    "TFC": 23.487774294670846,
    "VFA": 12.171598746081504,
    "VMA": 30.403448275862072,
    "HFA": 1.1504702194357366
  }
}